participant,rejection_reason
ARAUS_00027,"Participant gave all same answers for ""appropriate""."
ARAUS_00043,Participant's age >30 and mean threshold of hearing >30 dB.
ARAUS_00045,Participant's age >30 and mean threshold of hearing >30 dB. Participant failed 4 data quality checks.
ARAUS_00059,Participant's age >30 and mean threshold of hearing >30 dB.
ARAUS_00113,Participant failed 4 data quality checks.
ARAUS_00120,Participant failed 4 data quality checks.
ARAUS_00146,Participant failed 4 data quality checks.
ARAUS_00149,Participant failed 4 data quality checks.
ARAUS_00167,Participant's age <30 and mean threshold of hearing >20 dB.
ARAUS_00209,Participant's age >30 and mean threshold of hearing >30 dB.
ARAUS_00214,Participant's age <30 and mean threshold of hearing >20 dB.
ARAUS_00220,Participant failed 4 data quality checks.
ARAUS_00229,Participant's age >30 and mean threshold of hearing >30 dB.
ARAUS_00229_2,Participant's age >30 and mean threshold of hearing >30 dB. Participant failed 4 data quality checks.
ARAUS_00232,Participant's age >30 and mean threshold of hearing >30 dB.
ARAUS_00234,Participant failed 4 data quality checks.
ARAUS_00300,Participant failed 4 data quality checks.
ARAUS_00357,Participant failed 4 data quality checks.
ARAUS_00360,Participant failed 6 data quality checks.
ARAUS_00375,Participant's age >30 and mean threshold of hearing >30 dB.
ARAUS_00388,Participant failed 5 data quality checks.
ARAUS_00390,Participant failed 5 data quality checks.
ARAUS_00392,Participant failed 7 data quality checks.
ARAUS_00399,"Participant gave all same answers for ""uneventful""."
ARAUS_00407,Participant's age >30 and mean threshold of hearing >30 dB.
ARAUS_00409,Participant's age <30 and mean threshold of hearing >20 dB.
ARAUS_00424,Participant's age >30 and mean threshold of hearing >30 dB.
ARAUS_00449,Participant failed 5 data quality checks.
ARAUS_00456,Participant's age >30 and mean threshold of hearing >30 dB.
ARAUS_00458,Participant's age >30 and mean threshold of hearing >30 dB.
ARAUS_00459,Participant failed 4 data quality checks.
ARAUS_00460,Participant's age >30 and mean threshold of hearing >30 dB.
ARAUS_00513,"Participant gave all same answers for ""uneventful"" and ""monotonous""."
ARAUS_00544,Participant's age >30 and mean threshold of hearing >30 dB.
ARAUS_00559,Participant's age <30 and mean threshold of hearing >20 dB.
ARAUS_00571,Participant failed 4 data quality checks.
ARAUS_00598,Participant's age <30 and mean threshold of hearing >20 dB.
